#,INEP,ESCOLA,MUNICÍPIO,LOGRADOURO,CEP,Velocidade Link
1,25053159,EEEF CLOVIS PEDROSA,Cabaceiras,"DISTRITO DE RIBEIRA, - ",58480000,200Mbits
2,25077759,ECIT FRANCISCA MARTINIANO DA ROCHA,Lagoa Seca,"LUCAS DA ROCHA, 297 - CENTRO",58117000,200Mbits
3,25018280,ECI MESTRE JULIO SARMENTO,Sousa,"RUA JOSE DE PAIVA GADELHA, 125 - GATO PRETO",58802085,200Mbits
4,25071939,ECI AUDIOCOMUNICACAO DE CAMPINA GRANDE,Campina Grande,"RUA PROFESSORA EUTECIA VITAL RIBEIRO, SN - CATOLE",58410205,200Mbits
5,25049372,ECI EEFM MANOEL HONORATO SOBRINHO,Coxixola,"RUA PROJETADA, SN - CENTRO",58588000,200Mbits
6,25072200,EEEF AUGUSTO DOS ANJOS,Campina Grande,"RUA PARAIBA, 240 - LIBERDADE",58410066,200Mbits
7,25054490,EEEFM CEL SERVELIANO DE FARIAS CASTRO,Caraúbas,"RUA EXPEDICIONARIO LUIS TENORIO LEAO, 574 - CENTRO",58595000,200Mbits
8,25024523,EEEF MINISTRO CARLOS LUIZ DE ARAUJO,Coremas,"RUA RAIMUNDO LUIZ, 360 - POMBALZINHO",58770000,200Mbits
9,25037846,EEEFM DR MANOEL DANTAS,Teixeira,"RUA DR MANOEL DANTAS, 20 - CENTRO",58735000,200Mbits
10,25045466,EEEM BENTO TENORIO DE SOUSA ESCOLA DO CAMPO,Monteiro,"SITIO SANTA CATARINA, SN - ZONA RURAL",58500000,200Mbits
11,25115618,ECIT ILZA DE ALMEIDA RIBEIRO,Conde,"LOTEAMENTO CIDADE DAS CRIANCAS, 575 - CENTRO",58322000,200Mbits
12,25116762,EEEFM LUIZ RIBEIRO LIMEIRA,Santa Rita,"RUA MILTON VELOSO BORGES, SN - TIBIRI 2",58302510,200Mbits
13,25072005,EEEFM ADEMAR VELOSO SILVEIRA,Campina Grande,"RUA JOAO VIRGOLINO DE ARAUJO, 1043 - BODOCONGO",58430385,200Mbits
14,25034219,EEEFM SANTA CATARINA,Imaculada,"RUA PROFESSOR HENRIQUE ANTONIO DA SILVA, - - RURAL",58745000,200Mbits
15,25038796,EEEM FENELON NOBREGA,Salgadinho,"RUA JOSE MACIEL DE SOUZA, 56 - CENTRO",58650000,200Mbits
16,25072404,EEEFM RUBENS DUTRA II,Campina Grande,"RUA ARQUIMEDES SOUTO MAIOR 2, SN - ZONA RURAL",58444000,200Mbits
17,25091611,EEEFM PROFESSOR PEDRO ANIBAL MOURA,Cabedelo,"RUA ENIVALDO FIGUEIREDO DE MIRANDA, SN - PONTA DE MATO",58100550,200Mbits
18,25094530,EEEF HENRIQUE DIAS,João Pessoa,"RUA CARLOS BORROMEU RIBEIRO, SEM NUMERO - ALTO DO MATEUS",58090280,200Mbits
19,25100033,ECIT RENATO RIBEIRO COUTINHO,Alhandra,"RUA MANOEL GUEDES, 70 - CENTRO",58320000,200Mbits
20,25033786,ECI GERTRUDES LEITE,Desterro,"JULIA DE GOIS SN, SN - SAO CRISTOVAO",58695000,200Mbits
21,25072064,EEEF MARIA AUGUSTA LUCENA BRITO,Campina Grande,"R - PEDRO ACACIO GALVAO- SN - SITIO LUCAS, - SITIO LUCAS",58430991,200Mbits
22,25095013,EEEF PROFESSORA ANTONIA RANGEL DE FARIAS,João Pessoa,"R JULIA FREIRE, SN - TORRE",58040040,200Mbits
23,25104330,ECI ALMIRANTE SALDANHA,João Pessoa,"AV SANTA BARBARA, SN - JARDIM CIDADE UNIVERSITARIA",58052580,200Mbits
24,25152815,EEEFM ISABEL RODRIGUES DE MELO,Campina Grande,"RUA SERGIO ANTONIO DE MENEZES, SN - GALANTE",58446000,200Mbits
25,25045555,EEEF MIGUEL SANTA CRUZ,Monteiro,"RUA GETULIO VARGAS, 61 - CENTRO",58500000,200Mbits
26,25091573,EEEF JOAO XXIII,Cabedelo,"RUA JOAO CASTOR DE SENA, SN - JARDIM BRASILIA",58103382,200Mbits
27,25097091,EEEFM AUDIOCOMUNICACAO,João Pessoa,"RUA FRANCISCA MOURA, SN - JD TREZE DE MAIO",58025650,200Mbits
28,25099264,EEEF VARZEA NOVA,Santa Rita,"RUA CORONEL MENDES RIBEIRO, SN - VARZEA NOVA",58304500,200Mbits
29,25007742,EEEF DOM MOISES COELHO,Cajazeiras,"RUA PADRE JOSE TOMAZ, 387 - CENTRO",58900000,200Mbits
30,25014226,EEEFM MANOEL MEDEIROS DE ARAUJO,Vista Serrana,"RUA JOAO FRANCISCO FILHO, 190 - CENTRO",58710000,200Mbits
31,25015885,EEEFM JOAO DA MATA,Pombal,"PRACA DOUTOR JOSE FERREIRA DE QUEIROGA, SN - CENTRO",58840000,200Mbits
32,25018264,EEEFM JAIME MEIRA FONTES,Sousa,"RUA TENENTE ZUCA, 158 - SAO JOSE",58804295,200Mbits
33,25022296,ECI PROFESSOR JOAO NOBERTO,Santa Teresinha,"RUA EPITACIO RODRIGUES, 360 - CENTRO",58720000,200Mbits
34,25027980,EEEF BAIRRO SAO JOSE,Conceição,"RUA CAPITAO JOAO MIGUEL, 232 - SAO JOSE",58970000,200Mbits
35,25047450,EEEFM BARTOLOMEU MARACAJA,São José dos Cordeiros,"RUA EULAMPIA SOUZA E SILVA, 95 - CENTRO",58570000,200Mbits
36,25051652,EEEF PROFESSORA TEREZINHA LEAL,Boqueirão,"DISTRITO DO MARINHO, - MARINHO",58450000,200Mbits
37,25072196,EEEF ANTONIO VICENTE,Campina Grande,"RUA SILVA JARDIM, 1196 - JOSE PINHEIRO",58407333,200Mbits
38,25088602,EEEF CAMPO DE SEMENTES E MUDAS,Cruz do Espírito Santo,"SITIO CAMPO SEMENTES E MUDAS, SN - ",58337000,200Mbits
39,25091565,EEEF AUGUSTO SEVERO,Cabedelo,"RUA GENERAL JOSE ARAKEM RODRIGUES, 278 - JACARE",58105770,200Mbits
40,25095021,EEEFM GONCALVES DIAS,João Pessoa,"RUA HUMBERTO PAIVA DE CARVALHO, SN - CRISTO REDENTOR",58070330,200Mbits
41,25018191,EEEFM FRANCISCO CICERO SOBRINHO,Sousa,"NUCLEO HABITACIONAL III, SN - SAO GONCALO",58814600,200Mbits
42,25044788,EEEFM MANOEL ALVES CAMPOS,Congo,"RUA SENADOR RUI CARNEIRO, SN - CENTRO",58535000,200Mbits
43,25086928,EEEF PROFESSOR LUIZ APRIGIO,Mamanguape,"RUA PRESIDENTE JOAO PESSOA, SN - CENTRO",58280000,200Mbits
44,25089293,EEEF DR JOSE MARIA,Pilar,"PRACA JOAO JOSE MAROJA, SN - CENTRO",58338000,200Mbits
45,25094742,EEEFM PROFESSORA MARIA JACY COSTA,João Pessoa,"RUA DRAUZIO FERRER, 77 - MANGABEIRA II",58057360,200Mbits
46,25115049,ECI EEF PROFESSOR PAULO FREIRE,João Pessoa,"RUA MARLI DO NASCIMENTO SOUZA, 57 - JOAO PAULO II",58076117,200Mbits
47,25034227,EEEIF DELMIRO DANTAS,Imaculada,"RUA DELMIRO DANTAS, SN - CENTRO",58745000,200Mbits
48,25055852,EEEF ANDRE VIDAL DE NEGREIROS,Cuité,"RUA CAETANO DANTAS, 222 - CENTRO",58175000,200Mbits
49,25055852,EEEF ANDRE VIDAL DE NEGREIROS,Cuité,"RUA CAETANO DANTAS, 222 - CENTRO",58175000,200Mbits
50,25081454,EEEFM JOAO FAGUNDES DE OLIVEIRA,Itabaiana,"RUA ALTO PROFESSOR MACIEL, SN - CENTRO",58360000,200Mbits
51,25081888,EEEFM JOSE R DE ATAIDE,Itatuba,"RUA ANTONIA DE ANDRADE CAVALCANTE, SN - CENTRO",58378000,200Mbits
52,25086936,EEEF II E EJA UMBELINA GARCEZ,Mamanguape,"RUA DOM VITAL, SN - CENTRO",58280000,200Mbits
53,25093878,EEEM CON LUIZ GONZAGA DE OLIVEIRA,João Pessoa,"RUA JANDUI DANTAS DO NASCIMENTO, SN - MANGABEIRA I",58056140,200Mbits
54,25094335,EEEF ANA HIGINA,João Pessoa,"RUA 19 DE MARCO, SN - ROGER",58020340,200Mbits
55,25094360,EEEF BORGES DA FONSECA,João Pessoa,"AV CORONEL CALIXTO- SN, S/N - MANGABEIRA VIII",58055000,200Mbits
56,25048368,EEEFM PROF MARIA CELESTE DO NASCIMENTO,Zabelê,"RUA JOAO MIZAEL DE MEDEIROS, SN - CENTRO",58515000,200Mbits
57,25072234,EEEFM DE MONTE SANTO,Campina Grande,"RUA DIOGO DA COSTA, 305 - MONTE SANTO",58400733,200Mbits
58,25084992,ECI EEM ANTONIO FRANCISCO GOMES,Santa Cecília,"PRACA PREFEITO ANTONIO GOMES, SN - CENTRO",58463000,200Mbits
59,25094114,ECIT ALICE CARNEIRO,João Pessoa,"AV SAPE, SN - MANAIRA",58038381,200Mbits
60,25094637,ECIT PEDRO ANISIO BEZERRA DANTAS,João Pessoa,"RUA GIL FURTADO, SN - IPES",58030206,200Mbits
61,25020374,EEEFM CLOVIS SATIRO,Areia de Baraúnas,"RUA PEDRO LINO, 490 - CENTRO",58732000,200Mbits
62,25051598,ECIT PROFESSORA MARIA CECILIA DE CASTRO,Alcantil,"AVENIDA SAO JOSE, 523 - CENTRO",58460000,200Mbits
63,25063359,EEEFM DESEMBARGADOR ARTHUR VIRGINIO DE MOURA,Matinhas,"AV MONS JOSE BORGES DE CARVALHO, SN - CENTRO",58128000,200Mbits
64,25083597,EEEFM MAJOR JOSE BARBOSA,Aroeiras,"RUA PADRE LEONEL FRANCA, 141 - CENTRO",58489000,200Mbits
65,25094491,EEEF FERNANDES VIEIRA,João Pessoa,"AVENIDA TANCREDO NEVES, SN - BAIRRO DOS IPES",58028840,200Mbits
66,25039040,EEEF MONSENHOR PEDRO ANISIO,Santa Luzia,"RUA BONIFACIO NOBREGA, 626 - SAO JOSE",58600000,200Mbits
67,25070703,CAIC JOSE JOFILLY,Campina Grande,"RUA JOSE MARQUES FERREIRA, 100 - MALVINAS",58432545,200Mbits
68,25091646,EEEF PE ANTONIO VIEIRA,Cabedelo,"RUA SAO PEDRO, SN - SALINAS RIBAMAR",58109482,200Mbits
69,25123203,ECI FRANCISCO MARQUES DE MELO,Damião,"RUA ROMILDO FERNANDES DE OLIVEIRA, SN - TAMBOR",58173000,200Mbits
70,25006231,EEEF JOAQUIM NABUCO,Bonito de Santa Fé,"RUA PREFEITO JOSE FERREIRA CAJU, 204 - CENTRO",58960000,200Mbits
71,25009559,EEEFM BONIFACIO SARAIVA DE MOURA,Monte Horebe,"RUA PROJETADA, SN - CENTRO",58950000,200Mbits
72,25017071,EEEF PROF NESTOR ANTUNES,Santa Cruz,"RUA JOSE VITAL DE OLIVEIRA, 61 - CENTRO",58824000,200Mbits
73,25053493,ECIT FRANCISCO DEODATO DO NASCIMENTO,São Domingos do Cariri,"AVENIDA AUGUSTO FERNANDES DE OLIVEIRA, SN - CRUZEIRO",58485000,200Mbits
74,25069357,EEEFM IVAN BICHARA SOBREIRA,Lagoa de Dentro,"RUA 7 DE SETEMBRO, 09 - CENTRO",58250000,200Mbits
75,25076582,ECI EEFM IRMA JOAQUINA SAMPAIO,Campina Grande,"BR 203 KM 8 PRACA DO AMOR, SN - SERROTAO",58436740,200Mbits
76,25077147,ECI EEFM JOANA EMILIA DA SILVA,Fagundes,"AV IRINEU BEZERRA, SN - CENTRO",58487000,200Mbits
77,25078143,EEEFM EVERALDO AGRA,Massaranduba,"AVENIDA BRASILIA- BR 230, 7558 - SANTA TEREZINHA",58120000,200Mbits
78,25080407,EEEFM JOAO RIBEIRO,Gurinhém,"RUA HUMBERTO LUCENA, SN - CENTRO",58356000,200Mbits
79,25094327,EEEF ALMIRANTE TAMANDARE,João Pessoa,"AV MATOS CARDOSO, SN - CASTELO BRANCO",58050120,200Mbits
80,25094750,ECI OLIVIO PINTO,João Pessoa,"RUA ULISSES ALVES PEQUENO, SN - VALENTINA DE FIGUEIREDO",58064580,200Mbits
81,25127659,ECI PEDRO HENRIQUE DA SILVA,Cuité,"SITIO SERRA DO BOMBOCADINHO, SN - ZONA RURAL",58175000,200Mbits
82,25018272,EEEFM PROF DIONE DINIZ OLIVEIRA DIAS,Sousa,"NUCLEO HABITACIONAL II, SN - AREA RURAL",58814500,200Mbits
83,25020900,EEEFM ANTONIA ARAUJO,Patos,"RUA PROJETADA, SN - BIVAR OLINTO",58701600,200Mbits
84,25042351,ECI ANTONIO COELHO DANTAS,Nova Palmeira,"RUA JORGE MENDONCA, 200 - CENTRO",58184000,200Mbits
85,25046950,ECI FRANCISCO DE ASSIS GONZAGA,Prata,"AV ANANIANO RAMOS GALVAO, 196 - CENTRO",58550000,200Mbits
86,25056581,ECI EEFM JOSE VITORINO DE MEDEIROS,Sossêgo,"RUA ELIEZER FRANCISCO DOS SANTOS, 1447 - CENTRO",58177000,200Mbits
87,25065726,ECI EEFM ANTONIETA CORREIA DE MENEZES,Pilões,"RUA LUIZ GREGORIO DA SILVA, - CENTRO",58393000,200Mbits
88,25080849,ECITE LUIS GONZAGA BURITY,Ingá,"RUA DUQUE DE CAXIAS, 54 - BOA ESPERANCA",58380000,200Mbits
89,25081411,EEEF PROF ODETE MENDES N OLIVEIRA,Itabaiana,"SITIO CAMPO GRANDE, 51 - CAMPO GRANDE",58360000,200Mbits
90,25123998,ESCOLA WALNYZA BORBOREMA CUNHA,Campina Grande,"SITIO ESTREITO, SN - ZONA RURAL",58449000,200Mbits
91,25124277,ECIT SEVERINO DIAS DE OLIVEIRA MESTRE SIVUCA,João Pessoa,"R FLOR DE IRIS, 85 - MANGABEIRA VIII",58059744,200Mbits
92,25015320,ECIT FRANCISCO DE SA CAVALCANTE,Paulista,"RUA BELARMINO FERNANDES DE FRANCA, SN - CENTRO",58860000,200Mbits
93,25037137,EEEFM DEP NOMINANDO MUNIZ DINIZ,São José de Princesa,"RUA DA BOA VISTA, SN - CENTRO",58758000,200Mbits
94,25054023,ECI PROFESSORA NEIR ALVES PORTO,Santo André,"RUA EULALIA PORTO DE MEDEIROS, SN - CENTRO",58675000,200Mbits
95,25063421,EEEF PROF CARDOSO,Alagoa Nova,"AVENIDA SAO SEBASTIAO, 266 - CENTRO",58125000,200Mbits
96,25093754,CRIA CAPISTRANO DE ABREU,João Pessoa,"RUA AURILIA LINS RABELO, SN - COSTA E SILVA",58081060,200Mbits
97,25094084,CRIA CAPITULINA SATYRO,João Pessoa,"RUA VALDA CRUZ CORDEIRO, SN - JOAO AGRIPINO",58034050,200Mbits
98,25094734,EEEF PROF MARIA DE FATIMA SOUTO,João Pessoa,"RUA JOSE GOMES DE SOUZA, SN - MANGABEIRA I",58055420,200Mbits
99,25099124,EEEFM FRANCISCO LEOCADIO RIBEIRO COUTINHO,Santa Rita,"LOTEAMENTO SAO JUDAS TADEU, 41 - VARZEA NOVA",58304500,200Mbits
100,25025627,EEEFM MARIA DIONISIA DE SOUSA,Nova Olinda,"RUA JOSE CIPRIANO DOS SANTOS, SEM - DISTRITO DE MANGUENZA",58798000,200Mbits
101,25027999,EEEF CALULA LEITE,Conceição,"RUA PREFEITO JOAO FAUSTO, SN - CENTRO",58970000,200Mbits
102,25038478,ECI EZEQUIEL FERNANDES,Junco do Seridó,"RUA ALCINDO LEITE, 490 - CENTRO",58640000,200Mbits
103,25041185,ECI PREFEITO AGUITONIO DANTAS,Frei Martinho,"RUA PROFESSOR LUIZ PINHEIRO, 271 - CENTRO",58195000,200Mbits
104,25093975,ECI NICODEMOS NEVES,João Pessoa,"PRACA DOUTOR LAURO WANDERLEY, 50 - CIDADE DOS FUNCIONARIOS",58087460,200Mbits
105,25117459,ECI PREFEITO WILLIAMS DE SOUSA ARRUDA,Campina Grande,"RUA BRUXELAS, SN - CUITES",58404864,200Mbits
106,25120778,EEIEFM PEDRO POTI,Baía da Traição,"ALDEIA SAO FRANCISCO, S N - ZONA RURAL",58295000,200Mbits
107,25123297,EEEFEM MARIA ELIDIA RANGEL,Tenório,"RUA ANATIVA MOTA DE AZEVEDO, SN - BELA VISTA",58665000,200Mbits
108,25126342,EEEF ANTONIA MARIA ANUNCIACAO DONA DONINHA,Vieirópolis,"DISTRITO DE CAMPO ALEGRE, SN - ",58822000,200Mbits
109,25014960,EEEF MANOEL MENDES,Nazarezinho,"RUA JOAO LUIZ, SN - CENTRO",58817000,200Mbits
110,25020960,EEEF CORIOLANO DE MEDEIROS,Patos,"PEREGRINO DE ARAUJO, SN - SANTO ANTONIO",58701010,200Mbits
111,25040600,EEEM PROF ODILON DE FIGUEIREDO,Várzea,"RUA ANIZIO MARINHO DA SILVA, 421 - CENTRO",58620000,200Mbits
112,25060058,ECI EEFM GOVERNADOR CLOVIS BEZERRA CAVALCANTI,Dona Inês,"RUA PROFESSOR ODILON MATIAS DE ARAUJO, 156 - CENTRO",58228000,200Mbits
113,25067737,EEEF PREF JOSE ANTONIO NEVES,Logradouro,"RUA FRANCICO XAVIER DE OLIVEIRA, 21 - CENTRO",58254000,200Mbits
114,25094408,EEEFM DES BOTO DE MENEZES,João Pessoa,"RUA PROFESSORA RITA MIRANDA, 318 - 13 DE MAIO",58025280,200Mbits
115,25115723,EEEFM FELIPE TIAGO GOMES,Picuí,"RUA ANIBAL DA CUNHA MACEDO, 30 - MONTE SANTO",58187000,200Mbits
116,25128809,EEIEF INDIO PEDRO MAXIMO DE LIMA,Marcação,"ALDEIA TRES RIOS, SN - CENTRO",58294000,200Mbits
117,25048350,EEEFM MALAQUIAS BATISTA FEITOSA,São Sebastião do Umbuzeiro,"RUA ANTONIO VENTURA CARACIOLO, 110 - CENTRO",58510000,200Mbits
118,25052497,EEEFM ALM ANTONIO HERACLITO DO REGO,Barra de Santana,"RUA ELVIRA AMORIM, SN - CENTRO",58458000,200Mbits
119,25082272,EEEFM DOM ADAUTO,Juarez Távora,"RUA ADALBERTO PEREIRA DE MELO, 18 - CENTRO",58387000,200Mbits
120,25099957,EEEFM DE FORTE VELHO,Santa Rita,"RUA PROFESSOR ANTONIO ELIAS, SN - POVOADO DE FORTE VELHO",58304300,200Mbits
121,25120751,ECI AURICELIA MARIA DA COSTA,Caaporã,"RUA PEQUENA-, SN - PRIMAVERA",58326000,200Mbits
122,25019597,EEEFM DORGIVAL SILVEIRA,São Francisco,"RUA FRANCISCO ANTONIO DA SILVEIRA, 110 - CENTRO",58818000,200Mbits
123,25029797,EEEF JOANA ABILIO PEGADO,Diamante,"RUA ANTONIO VICENTE, 57 - CENTRO",58994000,200Mbits
124,25033816,EEEF SILVEIRA DANTAS,Desterro,"PRACA NOSSA SENHORA DO DESTERRO, 25 - CENTRO",58695000,200Mbits
125,25061739,EEEFM IRINEU JOFFILY,Esperança,"JUVINIANO SOBREIRA, 125 - CENTRO",58135000,200Mbits
126,25072340,EEEF ALCEU DO AMOROSO LIMA,Campina Grande,"RUA CONCEICAO B SANTIAGO, SN - MALVINAS",58432685,200Mbits
127,25081349,EEEFM ADAUTO CABRAL DE VASCONCELOS,Riachão do Bacamarte,"RUA SENADOR CABRAL, 172 - CENTRO",58382000,200Mbits
128,25101099,ECIT DURVAL GUEDES,Pitimbu,"VILA CEHAP, SN - ACAU",58324000,200Mbits
129,25110780,EEEM PROFESSORA BEATRIZ MARIA DE ABREU,Casserengue,"RUA AYRTON SENNA, 515 - CENTRO",58238000,200Mbits
130,25013840,ECI DOUTOR TRAJANO PIRES DA NOBREGA,Condado,"RUA MIGUEL FERNANDES FERREIRA, SN - CENTRO",58714000,200Mbits
131,25016059,EEEFM MARIA SOLEDADE ASSIS FREITAS,Cajazeirinhas,"RUA ANTONIO CEZARIO DA SILVA, SN - CENTRO",58855000,200Mbits
132,25018060,EEEFM IZIDRA PACIFICO DE ARAUJO,Sousa,"NUCLEO HABITACIONAL I, - SAO GONCALO",58814000,200Mbits
133,25019813,EEEFM ALDO SATIRO XAVIER,Cacimba de Areia,"RUA CAPITAO SILVINO XAVIER, SN - CENTRO",58730000,200Mbits
134,25024175,EEEFM INACIO DA CATINGUEIRA,Catingueira,"RUA TENENTE NICOLAU LOPES, SN - CENTRO",58715000,200Mbits
135,25037234,EEEFM POVOADO SILVESTRE,Tavares,"POVOADO SILVESTRE, SN - CENTRO",58753000,200Mbits
136,25042661,ECI GRACILIANO FONTINI LORDAO,Pedra Lavrada,"RUA PROFESSOR FRANCISCO FERREIRA, 13 - CENTRO",58180000,200Mbits
137,25043870,EEEF INACIO CLAUDINO,São Vicente do Seridó,"RUA MANOEL CORDEIRO, 50 - CENTRO",58158000,200Mbits
138,25072412,ECI VIRGINIUS DA GAMA E MELO,Campina Grande,"RUA PENEDO, SN - MALVINAS",58433146,200Mbits
139,25115219,EEEF PROFESSORA MARGARIDA MEDEIROS,Paulista,"RUA JOAO DANTAS DE ASSIS, 34 - CENTRO",58860000,200Mbits
140,25115359,EEEFM JOAO DE OLIVEIRA CHAVES,Monteiro,"RUA SIZENANDO RAFAEL, 665 - ALTO BELA VISTA",58500000,200Mbits
141,25251945,EEEFM ZULEIDE CAVALCANTE PORTO,Campina Grande,"RUA PROJETADA - QD G - L 06, - GLORIA II",58400002,200Mbits
142,25034820,EEEFM AMERICA FLORENTINO,Juru,"AV CAPITAO DALMO TEIXEIRA, 626 - CENTRO",58750000,200Mbits
143,25043269,EEEM SEVERINO GREGORIO DANTAS,Picuí,"RUA JOSE MARIA DA COSTA LIMA, - ZONA RURAL",58187000,200Mbits
144,25094718,EEEF PROF ADELIA DE FRANCA,João Pessoa,"RUA JOAO RAIMUNDO DE LUCENA, SN - VALENTINA DE FIGUEIREDO",58063620,200Mbits
145,25094955,EEEF ADELAIDE NOVAIS,João Pessoa,"RUA PRESIDENTE FELIX ANTONIO-, SN - CRUZ DAS ARMAS",58085460,200Mbits
146,25098632,ECIT IZAURA FALCAO DE CARVALHO,Lucena,"RUA LUIS ELOI RAMALHO, 161 - CENTRO",58315000,200Mbits
147,25101978,EEIEFM AKAJUTIBIRO,Baía da Traição,"ALDEIA AKAJUTIBIRO, 152 - AREA RURAL",58295000,200Mbits
148,25118579,EEEM PREFEITO SEVERINO PEREIRA GOMES,Baraúna,"RUA MANOEL RODRIGUES, 79 - JARDIM PLANALTO",58188000,200Mbits
149,25012932,EEEFM SAO JOSE OPERARIO,Joca Claudino,"RUA PROJETADA, 01 - CENTRO",58928000,200Mbits
150,25039083,ECI EEF COELHO LISBOA,Santa Luzia,"AVENIDA JOSE AMERICO, SN - CENTRO",58600000,200Mbits
151,25072110,ECI FELIX ARAUJO,Campina Grande,"SEVERINO PIMENTEL, SN - LIBERDADE",58414150,200Mbits
152,25082922,ECI ANA RIBEIRO,Salgado de São Félix,"RUA EUNICE BARBOSA, 10 - CENTRO",58370000,200Mbits
153,25086324,EEEFM MARGARIDA DIAS,Pedro Régis,"AV SENADOR RUY CARNEIRO, 193 - CENTRO",58273000,200Mbits
154,25090992,EEEF SENADOR TEOTONIO VILELA,Bayeux,"RUA CARLOS GOMES, 244 - IMACULADA",58111085,200Mbits
155,25093967,EEEFM PROF MARIA BRONZEADO MACHADO,João Pessoa,"RUA ADAUTO DANTAS, SN - MANGABEIRA II",58057620,200Mbits
156,25094440,EEEFM DR JOAO NAVARRO FILHO,João Pessoa,"RUA PROFESSORA MARIA ALEXANDRINA DE OLIVEIRA LIMA, 034 - VALENTINA FIGUEIREDO",58064375,200Mbits
157,25008951,ESC PROFISSIONAL MONTE CARMELO,Cajazeiras,"RUA VICENTE BEZERRA, 01 - ESPERANCA",58900000,200Mbits
158,25016105,ECI EEM DEPUTADO LEVI OLIMPIO FERREIRA,São Bentinho,"RUA ERNANE ROQUE DE ARRUDA, SN - CENTRO",58857000,200Mbits
159,25022059,EEEFM HERCULANO PEREIRA,Quixaba,"RUA JANUNCIO CANDEIA, SN - CENTRO",58733000,200Mbits
160,25031511,EEEF RAIMUNDO EPAMINONDAS DE SOUSA,Pedra Branca,"RUA ANTONIO DE SOUSA OLIVEIRA, 384 - CENTRO",58790000,200Mbits
161,25039075,EEEFM ARLINDO BENTO DE MORAIS,Santa Luzia,"RUA ANTONIO MOISES, 264 - SAO JOSE",58600000,200Mbits
162,25067141,EEEFM FELINTO ELIZIO,Belém,"RUA SOLON DE LUCENA, 100 - CENTRO",58255000,200Mbits
163,25072099,ECI ASSIS CHATEAUBRIAND,Campina Grande,"AVENIDA TAVARES, 2500 - SANTO ANTONIO",58406175,200Mbits
164,25094599,EEEF JOSE VIEIRA,João Pessoa,"RUA ABDIAS GOMES DE ALMEIDA, SN - TAMBAUZINHO",58042100,200Mbits
165,25101072,EEEFM DR JOAO GONCALVES,Pitimbu,"AVENIDA SENADOR HUMBERTO LUCENA, 109 - CENTRO",58324000,200Mbits
166,25123696,EEEFM BENEDITA TARGINO MARANHAO,João Pessoa,"RUA JOAO JOSE SEABRA, SN - PENHA",58047050,200Mbits
167,25012967,EEEF MONS CONSTANTINO VIEIRA,Uiraúna,"DISTRITO DE QUIXABA DE CIMA, SN - DISTRITO DE QUIXABA",58915000,200Mbits
168,25016032,EEEF AMELIA MARIA DA LUZ,Pombal,"TRAVESSA CEL JOSE AVELINO, SN - PETROPOLIS",58840000,200Mbits
169,25018582,ENE JOSE DE PAIVA GADELHA,Sousa,"RUA JOSE DE PAIVA GADELHA, 127 - GATO PRETO",58802085,200Mbits
170,25020102,EEEFM FRANCISCO ROMANO DA SILVEIRA,Mãe d'Água,"RUA SAO SEBASTIAO, 05 - CENTRO",58740000,200Mbits
171,25068709,EEEF JOHN KENNEDY,Guarabira,"RUA JOHN KENNEDY, 515 - NOVO",58200000,200Mbits
172,25088572,EEEFM FLAVIO RIBEIRO COUTINHO,Cruz do Espírito Santo,"PRACA LOURIVAL LACERDA, SN - CENTRO",58337000,200Mbits
173,25092332,EEEF PROFESSORA DAGMAR MENDONCA LIMEIRA,João Pessoa,"AV-DOMINGOS JOSE DA PAIXAO, 1465 - MUSSU MAGRO",58066100,200Mbits
174,25094262,EEEF PROFESSOR JOAO JOSE DA COSTA,João Pessoa,"AV BARAO DE MAMANGUAPE-, 199 - TORRE",58040330,200Mbits
175,25120760,EEIEF CACIQUE INIGUACU,Marcação,"ALDEIA TRAMATAIA, SN - ALDEIA",58294000,200Mbits
176,25018078,EEEF ANDRE GADELHA,Sousa,"RUA VEREADOR JOSE FRANCISCO VIEIRA DE FIGUEIREDO, 88 - AREIAS",58801455,200Mbits
177,25051660,EEEFM ANA FERREIRA DA COSTA,Riacho de Santo Antônio,"PRACA SANTO ANTONIO, 80 - CENTRO",58465000,200Mbits
178,25058991,EEEFM PEDRO RIBEIRO DE LIMA,Riachão,"VENANCIO TOMAZ DE AQUINO, SN - CENTRO",58235000,200Mbits
179,25088220,EEIEF CACIQUE DOMINGOS BARBOSA DOS SANTOS,Rio Tinto,"RUA PRINCIPAL, SN - ALDEIA JARAGUA",58297000,200Mbits
180,25093746,EEEF PROF TERCIA BONAVIDES LINS,João Pessoa,"RUA VEREADOR FRANCISCO L CAVALCANTI, 315 - VALENTINA DE FIGUEIREDO",58064280,200Mbits
181,25002376,EEEF FABIO MARIZ MAIA,Catolé do Rocha,"DISTRITO CORONEL MAIA, SN - ZONA RURAL",58884000,200Mbits
182,25054783,ECI EEM MONSENHOR JOSE PAULINO,Arara,"RUA SENADOR RUY CARNEIRO, 30 - CENTRO",58396000,200Mbits
183,25078577,EEEFM CONEGO ANTONIO GALDINO,Puxinanã,"AVENIDA 28 DE JANEIRO, SN - CENTRO",58115000,200Mbits
184,25084542,EEEF DR CARLOS PESSOA,Natuba,"AV PRESIDENTE EPITACIO PESSOA, 235 - CENTRO",58494000,200Mbits
185,25117688,ECI IRMA STEFANIE,Campina Grande,"HENRIQUE NOBREGA, - TRES IRMAS",58400002,200Mbits
186,25122401,EEEFM SEVERINA RAMOS DE OLIVEIRA,Sobrado,"RUA JOAO PEDRO TEIXEIRA, 0 - CONJUNTO PAULO ROLIM",58342000,200Mbits
187,25130846,EEEF RENE ALVES RAMALHO,Sousa,"ASSENTAMENTO NOVA VIDA I, - ",58814000,200Mbits
188,25000055,EEEFM AMERICO MAIA,Belém do Brejo do Cruz,"RUA JOAO AGRIPINO, 331 - CENTRO",58895000,200Mbits
189,25004999,EEEF DE BANDARRA,São João do Rio do Peixe,"DISTRITO DE BANDARRA, 0 - ZONA RURAL",58910000,200Mbits
190,25011669,E EST DE CURSO NORMAL EM NIVEL MEDIO SAO JOSE,São José de Piranhas,"RUA EXPEDITO RODRIGUES DE HOLANDA, 146 - CENTRO",58940000,200Mbits
191,25023187,ECI EEM MARIA DE LOURDES MEIRA,São José do Bonfim,"RUA JAMIL NOBREGA, - CONJUNTO EDVALDO MOTA",58725000,200Mbits
192,25031155,ECI FRANCELINO DE ALENCAR NEVES,Itaporanga,"RUA JOAO SILVINO DA FONSECA, 310 - CENTRO",58780000,200Mbits
193,25047469,EEEFM JAIRO AIRES CALUETE,Parari,"RUA TERTULINO AIRES DE QUEIROZ, SN - CENTRO",58575000,200Mbits
194,25064142,EEEF ALVARO MACHADO,Areia,"RUA FLORIANO PEIXOTO, - ",58397000,200Mbits
195,25072307,ECI SOLON DE LUCENA,Campina Grande,"RUA PREFEITO ERNANI LAURITZEN, SN - CENTRO",58400133,200Mbits
196,25088963,EEEIEF AUGUSTO DOS ANJOS,Mari,"RUA ANTONIO DE LUNA FREIRE, 374 - CENTRO",58345000,200Mbits
197,25093894,ECI EEM PROF PEDRO AUGUSTO PORTO CAMINHA,João Pessoa,"RUA ANUBIO LINS FALCAO, SN - JAGUARIBE",58015480,200Mbits
198,25025813,EEEF CONEGO MANOEL OTAVIANO,Olho d'Água,"RUA MANOEL DE ALMEIDA COSTA, 70 - CENTRO",58760000,200Mbits
199,25039997,EEEFM NAPOLEAO ABDON DA NOBREGA,São Mamede,"MINISTRO JOAO AGRIPINO, 175 - ",58625000,200Mbits
200,25044362,ECIT PEDRO BEZERRA FILHO,Camalaú,"RUA ANTONIO GALDINO CHAVES, 23 - CENTRO",58530000,200Mbits
201,25072218,EEEFM CLEMENTINO PROCOPIO,Campina Grande,"RUA FELIPE CAMARAO, 168 - SAO JOSE",58400366,200Mbits
202,25089560,EEEFM SEVERINA DE HOLANDA CAVALCANTI,São Miguel de Taipu,"FAZENDA SANTA LUCIA- CAFE DO VENTO- SN-, SN - ZONA RURAL",58334000,200Mbits
203,25099132,EEEF ALINE SILVA MADRUGA,Santa Rita,"RUA PROFESSOR PEREIRA LIRA, 8332293515 - POPULAR",58301125,200Mbits
204,25114425,EEEF GOV ANTONIO MARIZ,João Pessoa,"RUA TONY CASSIO RODRIGUES ESTRELA, SN - FUNCIONARIOS III",58079090,200Mbits
205,25094378,EEEF CASTRO PINTO,João Pessoa,"AVENIDA CRUZ DAS ARMAS, 1096 - CRUZ DAS ARMAS",58085000,200Mbits
206,25009192,ECI EEM JOEL PEREIRA DA SILVA,Carrapateira,"RUA JOAO BEZERRA SN, SN - CENTRO",58945000,200Mbits
207,25089242,EEEFM JOCELYN VELLOSO BORGES,São José dos Ramos,"AV PIO GONCALVES CHAVES, SN - CENTRO",58339000,200Mbits
208,25091000,EEEF TANCREDO NEVES,Bayeux,"RUA BALBINO DE MENDONCA, 336 - SAO BENTO",58111530,200Mbits
209,25007726,ECI PROFESSOR CRISPIM COELHO,Cajazeiras,"AV PEDRO MORENO GONDIM, SN - CENTRO",58900000,200Mbits
210,25020366,EEEM CONEGO MACHADO,Passagem,"RUA CAPITAO PEDRO RAFAEL, 350 - CENTRO",58734000,200Mbits
211,25080261,ECI EEM MANOEL AVELINO PAIVA,Caldas Brandão,"AVENIDA SENADOR RUY CARNEIRO, SN - CENTRO",58350000,200Mbits
212,25001906,ECI JOAO SUASSUNA,Catolé do Rocha,"PRACA PREFEITO JOSE SERGIO MAIA, 70 - CENTRO",58884000,200Mbits
213,25012193,EEEFM NELSON BATISTA ALVES,Bernardino Batista,"RUA JOSE ESTRELA ABRANTES, 245 - CENTRO",58922000,200Mbits
214,25047116,EEEFM MARIO OLIVEIRA CHAVES,São João do Tigre,"RUA ANANIAS HONORIO DE SOUZA, 45 - CENTRO",58520000,200Mbits
215,25071394,EEEFM MONSENHOR SALES,Campina Grande,"RUA VEREADOR ANTONIO ALVES PIMENTEL, 317 - ",58446000,200Mbits
216,25072277,ECI MONTE CARMELO,Campina Grande,"RUA PROFESSOR CARLOS FRANCISCO MEDEIROS DE ALMEIDA, SN - BELA VISTA",58428700,200Mbits
217,25072285,EEEFM MURILO BRAGA,Campina Grande,"RUA SANTA FILOMENA, SN - LIBERDADE",58414020,200Mbits
218,25087738,EEEFM PEDRO POTI,Mataraca,"AV DR CARLOS PESSOA DE MELO, SN - BOM JESUS",58292000,200Mbits
219,25088793,EEEFM DEMETRIO TOLEDO,Juripiranga,"RUA CENTRO CIVICO, 46 - CENTRO",58330000,200Mbits
220,25093622,EEEF FRANCISCO CAMPOS,João Pessoa,"RUA BOURGUEVILLE, SN - ANATOLIA",58052080,200Mbits
221,25094416,EEEFM DES BRAZ BARACUHY,João Pessoa,"RUA ESCRITOR GILBERTO AMADO, SN - CASTELO BRANCO II",58050500,200Mbits
222,25094513,EEEF FREI MARTINHO,João Pessoa,"AVENIDA DESEMBARGADOR NOVAIS, SN - CRUZ DAS ARMAS",58085450,200Mbits
223,25118358,EEEFM DEPUTADO PEDRO PASCOAL DE OLIVEIRA,Juazeirinho,"LUIZ PEDRO DE ARAUJO, 70 - ARNALDO LAFAYETE",58660000,200Mbits
224,25014412,ECI EEM NESTORINA ABRANTES,Lastro,"RUA PEDRO ABRANTES FERREIRA, 278 - CENTRO",58820000,200Mbits
225,25058975,ECIT BENJAMIN MARANHAO,Araruna,"LUIS TARGINO MOREIRA, 300 - CENTRO",58233000,200Mbits
226,25072013,ECI RAUL CORDULA,Campina Grande,"RUA GABIO JOSE DE OLIVEIRA ARAUJO, SN - CRUZEIRO",58415565,200Mbits
227,25076590,ECI EEFM JOSE MIGUEL LEAO,Campina Grande,"RUA JOAO MIGUEL LEAO, SN - SAO JOSE DA MATA",58441000,200Mbits
228,25002457,EEEFM JOSE SERAFIM DE LIMA,Mato Grosso,"RUA ANTONIO SERAFIM DE LIMA, 16 - CENTRO",58832000,200Mbits
229,25114808,ECI ITAN PEREIRA,Campina Grande,"RUA LUIZ MOTTA, S/N - BODOCONGO",58430710,200Mbits
230,25006029,EEEFM PROF JOAQUIM UMBELINO,Bom Jesus,"RUA 05 DE NOVEMBRO, 01 - ASA BRANCA",58930000,200Mbits
231,25094432,EEEFM DOMINGOS JOSE DA PAIXAO,João Pessoa,"AV DOMINGOS JOSE DA PAIXAO, - MUCUMAGRO",58066100,200Mbits
232,25000047,ECI NOSSA SENHORA DA CONCEICAO,Belém do Brejo do Cruz,"RUA JOAO BATISTA DE OLIVEIRA FORTE, 411 - CENTRO",58895000,200Mbits
233,25030175,EEEF FRANCA LEITE,Ibiara,"RUA OSORIO PINTO RAMALHO, 430 - CENTRO",58980000,200Mbits
234,25054180,ECI JORNALISTA JOSE LEAL RAMOS,São João do Cariri,"ALTO DO CRUZEIRO, SN - CENTRO",58590000,200Mbits
235,25072145,EEEFM DOM LUIZ GONZAGA FERNANDES,Campina Grande,"RUA DAS PITOMBEIRAS, SN - MALVINAS",58432791,200Mbits
236,25105183,EEEF IRMA SEVERINA CAVALCANTE SOUTO,João Pessoa,"RUA RODRIGUES CHAVES, SN - CENTRO",58011040,200Mbits
237,25120859,EEEFM PROF MARIA JOSE COSTA DE ALBUQUERQUE,Olivedos,"RUA RONDINELLE GUIMARAES COUTO, SN - CENTRO",58160000,200Mbits
238,25018094,EEEFM DR JOSE GADELHA,Aparecida,"RUA JOAO AMANCIO PIRES, 95 - CENTRO",58823000,200Mbits
239,25020889,EEEFM LUCIA WANDERLEY DE FREITAS,Patos,"RUA VEREADOR JOSE CAETANO FILHO, 36 - DISTRITO SANTA GERTRUDES",58709000,200Mbits
240,25049640,EEEF DE AMPARO,Amparo,"RUA VEREADOR CICERO SOARES, 62 - CENTRO",58548000,200Mbits
241,25066013,ECI EEFM ANTONIO BENTO,Serraria,"RUA ADALGISA CAVALCANTE, 328 - CENTRO",58395000,200Mbits
242,25080270,EEEFM DE CALDAS BRANDAO,Caldas Brandão,"RUA MANOEL DANTAS, 157 - CENTRO",58350000,200Mbits
243,25093860,ECIT RAUL MACHADO,João Pessoa,"AVENIDA CARNEIRO DE CAMPOS, SN - ILHA DO BISPO",58011440,200Mbits
244,25001302,EEEFM OLIVIA SARAIVA MAIA,São José do Brejo do Cruz,"RUA CONEGO SANDOVAL, 124 - CENTRO",58893000,200Mbits
245,25012940,ECI EEM JOSE NILSON SANTIAGO,Poço Dantas,"RUA ODILON FRANCISCO DE OLIVEIRA, SN - CENTRO",58933000,200Mbits
246,25018140,EEEFM CELSO MARIZ,Sousa,"ARY FERNANDES DE ARAGAO, SN - JARDIM SORRILANDIA III",58805535,200Mbits
247,25040014,ECIT SERAFICO NOBREGA,São Mamede,"RUA JOSE PEQUENO DE OLIVEIRA, 91 - CENTRO",58625000,200Mbits
248,25072030,ECI NENZINHA CUNHA LIMA,Campina Grande,"RUA FERNANDES VIEIRA, SN - JOSE PINHEIRO",58407490,200Mbits
249,25072056,EEEFM POETA CARLOS DRUMOND DE ANDRADE,Campina Grande,"RUA CAICO, SN - BODOCONGO",58433140,200Mbits
250,25009931,ECI ELAINE SOARES BRASILEIRO,Santa Helena,"RUA JOANA FERREIRA DE SOUSA, 272 - CENTRO",58925000,200Mbits
251,25018183,EEEFM ESTEVAM MARINHO,Sousa,"AVENIDA RIO PIRANHAS, - CENTRO",58814000,200Mbits
252,25021427,ENE D EXPEDITO E DE OLIVEIRA,Patos,"RUA PAULO LEITE, SN - LIBERDADE",58703130,200Mbits
253,25072293,EEEFM NOSSA SENHORA APARECIDA,Campina Grande,"RUA ROSA MARIA BANDEIRA DA SILVA, SN - MUTIRAO",58436108,200Mbits
254,25090984,ECI EEFM JOAO CAETANO,Bayeux,"RUA PASTOR ANTONIO PETRONILO DOS SANTOS, 322 - JARDIM AEROPORTO",58113363,200Mbits
255,25094475,EEEF EPITACIO PESSOA,João Pessoa,"AVENIDA MONSENHOR WALFREDO LEAL, SN - TAMBIA",58020540,200Mbits
256,25094688,ECIT PADRE HILDON BANDEIRA,João Pessoa,"AV CAETANO FILGUEIRAS, SN - TORRE",58040000,200Mbits
257,25014692,ECIT DOUTOR ANTONIO FERNANDES MEDEIROS,Malta,"RUA- CEL ANTONIO DE ASSIS FERREIRA, SN - CENTRO",58713000,200Mbits
258,25026402,EEEIEF ADEMAR LEITE,Piancó,"RUA CEL JOAO LEITE, 26 - CENTRO",58765000,200Mbits
259,25050435,ECIT MELQUIADES VILAR,Taperoá,"RUA ISMENIA MACHADO, 38 - CENTRO",58680000,200Mbits
260,25026488,EEEF MARIA ELIZA MONTENEGRO DE SOUZA,Piancó,"RUA ANTONIO LEITE MONTENEGRO, SN - CAIXA DAGUA",58765000,200Mbits
261,25046764,EEEFM NOSSA SRA DAS GRACAS,Ouro Velho,"RUA JOSE CASSIANO, SN - CENTRO",58560000,200Mbits
262,25094661,ECI EEFM PEDRO LINS VIEIRA DE MELO,João Pessoa,"RUA FRANCISCO PEREIRA DE SOUSA, 130 - MANGABEIRA I",58055440,200Mbits
263,25152823,EEEFM EUCLIDES MOUZINHO SANTOS,Algodão de Jandaíra,"RUA PROJETADA, SN - CONJUNTO NOVO",58399000,200Mbits
264,25048880,EEEFM SENADOR JOSE GAUDENCIO,Serra Branca,"RUA BOAVENTURA CAVALCANTE NETO, 79 - CENTRO",58580000,200Mbits
265,25053124,ECIT ALCIDES BEZERRA,Cabaceiras,"RUA PRACA GENERAL JOSE PESSOA, 80 - CENTRO HISTORICO",58480000,200Mbits
266,25055046,ECIT JOSE LUIZ NETO,Barra de Santa Rosa,"RUA PREFEITO JOAO INACIO DA SILVA, 170 - CENTRO",58170000,200Mbits
267,25064134,ECIT MINISTRO JOSE AMERICO DE ALMEIDA,Areia,"PRACA MINISTRO JOSE AMERICO, 321 - CENTRO",58397000,200Mbits
268,25091620,ECI EEFM ABREU E LIMA,Cabedelo,"RUA MARGARIDA MARIA ALVES, 27 - RENASCER II",58108172,200Mbits
269,25094971,EEEF MONS ODILON COUTINHO,João Pessoa,"AV CELERINA PAIVA, SN - MANDACARU",58027390,200Mbits
270,25117866,EEEFM POETISA VICENTINA FIGUEIREDO VITAL DO REGO,Campina Grande,"RUA SAO RAFAEL, SN - JEREMIAS",58404072,200Mbits
271,25010565,ECIT PREFEITO JOAQUIM LACERDA LEITE,São José de Piranhas,"RUA RAIMUNDO ALVES, 125 - SANTO ANTONIO",58940000,200Mbits
272,25019538,ECI DOUTOR SILVA MARIZ,Marizópolis,"RUA BELARMINO RUFINO DE CARVALHO, 22 - CENTRO",58819000,200Mbits
273,25020978,EEEF PROFA MARIA NUNES,Patos,"RUA VALDEMAR VIEIRA, SN - SAO SEBASTIAO",58706330,200Mbits
274,25053728,ECI EEM JUAREZ MARACAJA,Gurjão,"RUA ALFREDO TEIXEIRA DE FREITAS, 281 - PEDREGAL",58670000,200Mbits
275,25081462,EEEF PROF MENDONCA,Itabaiana,"RUA ARARE DUARTE DO AMARAL, SN - CONJUNTO COSTA E SILVA",58360000,200Mbits
276,25099167,EEEF JOSE MARIANO,Santa Rita,"AVENIDA CAMPINA GRANDE, SN - MUNICIPIOS",58302195,200Mbits
277,25111841,EEEF INDIGENA JOSE FERREIRA PADILHA,Marcação,"ALDEIA VAU RUA PRINCIPAL, SN - ZONA RURAL",58294000,200Mbits
278,25114484,ECIT JOAO ROBERTO BORGES DE SOUZA,João Pessoa,"RUA OSORIO MILANEZ FILHO, SN - MANGABEIRA",58056280,200Mbits
279,25118560,EEEFM JOANA IVONILDES BANDEIRA,Pombal,"RUA CROMACIO WANDERLEY, SN - VIDA NOVA",58840000,200Mbits
280,25151401,EEEFM ANTONIO GUEDES DE ANDRADE,Campina Grande,"RUA SEVERINO DA COSTA, 200 - CATOLE DE ZE FERREIRA",58418030,200Mbits
281,25153200,EEEM MATILDES DE MELO BURUTI,Pedra Lavrada,"DIST CUMARU, - ZONA RURAL",58180000,200Mbits
282,25019228,EEEFM ANTONIO TEODORO NETO,Sousa,"RUA VEREADOR JOSE GONCALVES FORMIGA, SN - SANTAREM",58808470,200Mbits
283,25019740,EEEM MARIA MOREIRA PINTO,Vieirópolis,"RUA AGRIPINO FERNANDES DAS CHAGAS, SN - CENTRO",58822000,200Mbits
284,25039504,EEEFM OLAVO BILAC,São José do Sabugi,"RUA SEVERINO ARNALDO, 325 - CENTRO",58610000,200Mbits
285,25060996,ECI DR TERCILIO TEIXEIRA DA CRUZ,Tacima,"RUA 31 DE MARCO, 582 - CENTRO",58240000,200Mbits
286,25091018,EEEF VERALDO LEITE,Bayeux,"RUA CAROLINA MACHADO, SN - TAMBAY",58110560,200Mbits
287,25093916,ECIT PROFESSOR RAUL CORDULA,João Pessoa,"RUA JUAREZ TAVORA, SN - TORRE",58041974,200Mbits
288,25007718,EEEFM PROF MANOEL MANGUEIRA LIMA,Cajazeiras,"RUA JOSE LEITE DE OLIVEIRA, 215 - POR DO SOL",58900000,200Mbits
289,25077163,EEEF FREI ALBERTO,Fagundes,"RUA PLINIO LEMOS, 13 - CENTRO",58487000,200Mbits
290,25078569,EEEF SEVERIANO PEDRO DO NASCIMENTO,Puxinanã,"POVOADO DE JENIPAPO, SN - ",58115000,200Mbits
291,25079115,ESCOLA ESTADUAL DE ENSINO FUNDAMENTAL MEDIO E EJA JOSE TAVARES,Queimadas,"RUA JOAO BARBOSA DA SILVA, SN - CENTRO",58475000,200Mbits
292,25084526,ECIT FRANCISCO DE ALBUQUERQUE MONTENEGRO,Natuba,"AV DRA FRANCISCO DE ALBUQUERQUE MONTENEGRO, SN - CENTRO",58494000,200Mbits
293,25095080,EEEFM PADRE ROMA,João Pessoa,"RUA EMILIO DE ARAUJO CHAVES, 120 - ALTIPLANO",58046150,200Mbits
294,25095153,EEEF PROF RITA DE MIRANDA HENRIQUES,João Pessoa,"RUA FRANCISCO PORFIRIO RIBEIRO, SN - MANGABEIRA IV",58057100,200Mbits
295,25003054,EEEFM FREI BRUNO,Lagoa,"TRAVESSA SIMPLICIO ROQUE, 02 - CENTRO",58835000,200Mbits
296,25007904,EEEFM MONS CONSTANTINO VIEIRA,Cajazeiras,"RUA PADRE ROLIM, 457 - CENTRO",58900000,200Mbits
297,25017438,EEEFM ANTONIO GREGORIO DE LACERDA,São José da Lagoa Tapada,"RUA ANTONIO GREGORIO DE LACERDA, SN - SANHAUA",58815000,200Mbits
298,25025368,EEEFM PROF MARGARIDA REMIGIO LOUREIRO,Emas,"AV DR JOSE CELINO FILHO, 107 - CENTRO",58763000,200Mbits
299,25088785,ECI TEONAS DA CUNHA CAVALCANTI,Juripiranga,"RUA SENADOR RUI CARNEIRO, 122 - CENTRO",58330000,200Mbits
300,25001477,ECI EEFM PROFESSORA DIVA GUEDES DE ARAUJO,Brejo dos Santos,"RUA APOLONIO PEREIRA DE SOUSA, 150 - CENTRO",58880000,200Mbits
301,25027174,EEEF DOUTOR FELIZARDO TEOTONIO DANTAS,Santana dos Garrotes,"RUA JOAO ARAUJO FONSECA, 51 - CENTRO",58795000,200Mbits
302,25072692,ENE PE EMIDIO VIANA CORREIA,Campina Grande,"AV SEVERINO BEZERRA CABRAL, SN - CATOLE",58410185,200Mbits
303,25034200,ECIT MARIA DO SOCORRO RAMALHO QUIRINO,Imaculada,"RUA DELMIRO DANTAS, SN - CENTRO",58745000,200Mbits
304,25067869,ECI EEFM ODILON NELSON DANTAS,Cuitegi,"RUA JOSE MARINHO DE LUCENA, SEM NUMERO - SANTO ANTONIO",58208000,200Mbits
305,25089811,EEEF FAZENDA BURACAO,Sapé,"FAZENDA BURACAO, SN - SITIO",58340000,200Mbits
306,25094033,ECIT MANOEL LISBOA DE MOURA,João Pessoa,"RUA ANTONIO CLAUDINO LEAL, SN - COSTA E SILVA",58081010,200Mbits
307,25066676,ECI FRANCISCO PESSOA DE BRITO,Araçagi,"AVENIDA OLIVIO MAROJA SN ARACAGI - PB, - SAO SEBASTIAO",58270000,200Mbits
308,25072137,ECI ANESIO LEAO,Campina Grande,"RUA XV DE NOVEMBRO, SN - PALMEIRA",58401075,200Mbits
309,25090976,EEEF GETULIO VARGAS,Bayeux,"RUA IVANIA MENEZES, 284 - CENTRO",58110260,200Mbits
310,25102519,EEEFM ANTONIO CAMELO,Alhandra,"RUA JOSE JOAO DA SILVA, SN - MATA REDONDA",58320000,200Mbits
311,25129317,EEEFM PAULO FREIRE,Campina Grande,"ALCA SUDOESTE, SN - SERROTAO",58436220,200Mbits
312,25012924,EEEFM JOVELINA GOMES,Uiraúna,"RUA JOAO PESSOA, 88 - SAO JOSE",58915000,200Mbits
313,25062239,EEEF ELIDIO SOBREIRA,São Sebastião de Lagoa de Roça,"RUA JOSE RODRIGUES COURA, 21 - CENTRO",58119000,200Mbits
314,25072080,EEEFM NINA ALVES DE LIMA,Campina Grande,"RUA FRANCISCO ROSA DE FARIAS, SN - MONTE SANTO",58400710,200Mbits
315,25094254,EEEF PADRE CICERO ROMAO BATISTA,João Pessoa,"R JOSE BETHANIO, SN - MANDACARU",58027587,200Mbits
316,25114905,ECI EEFM MILTON CAMPOS,João Pessoa,"R- SEVERINA MARIA VASCONCELOS DE CARVALHO, SN - CUIA",58077156,200Mbits
317,25043897,ECI EEM CICERO DOS ANJOS,São Vicente do Seridó,"RUA ALZIRA XAVIER, S/N - CENTRO",58158000,200Mbits
318,25093886,ECIT FRANCISCA ASCENSAO CUNHA,João Pessoa,"RUA LUIZ GONZAGA G VIEIRA, 700 - BANCARIOS",58051700,200Mbits
319,25117858,EEEF REITOR EDVALDO DO O,Campina Grande,"ISOLDA BARROS TORQUATO, SN - BODOCONGO",58430290,200Mbits
320,25075918,ECI EEM TEODOSIO DE OLIVEIRA LEDO,Boa Vista,"RUA PREFEITO SEVERINO CABRAL, 230 - CENTRO",58123000,200Mbits
321,25094629,EEEF PROF MARIA GENY DE SOUSA TIMOTEO,João Pessoa,"AV MONSENHOR WALFREDO LEAL, 551 - TAMBIA",58020540,200Mbits
322,25012207,ECI EEM BERNARDINO JOSE BATISTA,Triunfo,"TABELIAO ANTONIO LISBOA LISBOA, SN - BELA VISTA",58920000,200Mbits
323,25034839,ECI ARLINDA PESSOA DA SILVA,Juru,"AVENIDA DALMO TEIXEIRA SETOR SERRA BRANCA, SN - SERRA BRANCA",58750000,200Mbits
324,25088530,ECI EEFM DEPUTADO FERNANDO MILANEZ,Cruz do Espírito Santo,"RUA DR JOAO URSULO, SN - CENTRO",58337000,200Mbits
325,25000659,EEEFM ANTONIO GOMES,Brejo do Cruz,"RUA ANGELINA MARIZ, 50 - CENTRO",58890000,200Mbits
326,25060384,EEEF CELSO CIRNE,Solânea,"PRACA 26 DE NOVEMBRO, SN - CENTRO",58225000,200Mbits
327,25062816,ECIT OSWALDO TRIGUEIRO DE ALBUQUERQUE MELO,Alagoa Grande,"RUA RUI BARBOSA, SN - CENTRO",58388000,200Mbits
328,25085875,EEEFM MATIAS FREIRE,Baía da Traição,"RUA MATIAS FREIRE, 1168 - CENTRO",58295000,200Mbits
329,25087908,EEEFM FREDERICO LUNDGREN,Rio Tinto,"RUA DA AURORA, SN - CENTRO",58297000,200Mbits
330,25040820,ECI IOLANDA TEREZA CHAVES LIMA,Cubati,"RUA VALDEMIR DE SOUSA SOUTO, SN - CENTRO",58167000,200Mbits
331,25062220,ECI EEM MONSENHOR JOSE BORGES,São Sebastião de Lagoa de Roça,"RUA LAURA DONATO DE ARAUJO, SN - CENTRO",58119000,200Mbits
332,25063405,ECIT POETA MARIO VIEIRA DA SILVA,Matinhas,"ST CAMARA, SN - ZONA RURAL",58128000,200Mbits
333,25064126,EEEIEFM CARLOTA BARREIRA,Areia,"PRACA MONSENHOR RUY BARREIRA VIEIRA, SN - CENTRO",58397000,200Mbits
334,25093851,ECI LILIOSA PAIVA LEITE,João Pessoa,"AV DOM BOSCO, SN - CRISTO REDENTOR",58070470,200Mbits
335,25030167,EEEF DE IBIARINHA,Ibiara,"RUA SANTA MARIA, 641 - IBIARINHA",58980000,200Mbits
336,25052802,EEEFM FELIX ARAUJO,Caturité,"RUA JOAO QUEIROGA, SN - CENTRO",58455000,200Mbits
337,25051580,ECIT CONSELHEIRO JOSE BRAZ DO REGO,Boqueirão,"AV NOSSA SENHORA DO DESTERRO, - CENTRO",58450000,200Mbits
338,25070088,EEEFM SILVIO PORTO,Pilõezinhos,"RUA MANOEL ALVES DE SOUZA, 309 - CENTRO",58210000,200Mbits
339,25072153,ECI SEVERINO CABRAL,Campina Grande,"RUA JOAQUIM AMORIM JUNIOR, SN - BODOCONGO",58430200,200Mbits
340,25092898,EEEFM DE EJA PROF GERALDO LAFAYETTE BEZERRA,João Pessoa,"RUA FELINTO DE ARRUDA ESCOLASTICO, SN - CRISTO REDENTOR",58070380,200Mbits
341,25003410,ECIT EEFM DANIEL CARNEIRO,Riacho dos Cavalos,"RUA DR ANTONIO CARNEIRO, 60 - CENTRO",58870000,200Mbits
342,25020986,EEEF RIO BRANCO,Patos,"AV FLORIANO PEIXOTO, SN - JARDIM CALIF RNIA",58700300,200Mbits
343,25058304,ECIT DOUTOR TRAJANO NOBREGA,Soledade,"JOSE RUFINO DE CARVALHO, SN - JARDIM CRUZEIRO",58155000,200Mbits
344,25072102,ECI DEPUTADO ALVARO GALDENCIO DE QUEIROZ,Campina Grande,"RUA DOS JUCAS, SN - MALVINAS",58432599,200Mbits
345,25089250,ECI EEM JOSE LINS DO REGO,Pilar,"RUA JOAO NOLASCO DA CRUZ GOUVEIA, - SERVENTIA",58338000,200Mbits
346,25036017,ECI EEFM MONSENHOR SEBASTIAO RABELO,Manaíra,"RUA SILVERIO ALVES LISBOA, SN - CENTRO",58995000,200Mbits
347,25120670,EEEFM MAJOR VENEZIANO VITAL DO REGO,Campina Grande,"RUA MARIA CANDIDA DA SILVA, S/N - ACACIO FIGUEIREDO",58421295,200Mbits
348,25033794,EEEFM PEDRO TERTO DA CUNHA,Cacimbas,"RUA FERNANDES FERREIRA, - CENTRO",58698000,200Mbits
349,25055836,ECI ORLANDO VENANCIO DOS SANTOS,Cuité,"RUA 15 DE NOVEMBRO, SN - CENTRO",58175000,200Mbits
350,25086316,ECIT ALZIRA LISBOA,Jacaraú,"RUA 7 DE SETEMBRO, 453 - SAO JOSE",58278000,200Mbits
351,25086332,EEEFM CASTRO PINTO,Jacaraú,"PRACA DOUTOR ORESTES LISBOA, 43 - CENTRO",58278000,200Mbits
352,25100696,ECI JOAO URSULO,Pedras de Fogo,"RUA SANTO ANTONIO, SN - SANTO ANTONIO",58328000,200Mbits
353,25012916,ECIT DOUTOR JOSE DUARTE FILHO,Uiraúna,"RUA FRANCISCO LEAO VELOSO, 448 - CENTRO",58915000,200Mbits
354,25087894,EEIEFM DR JOSE LOPES RIBEIRO,Rio Tinto,"RUA SAO JOAO, SN - ALDEIA MONTE MOR",58297000,200Mbits
355,25030698,EEEF SIMEAO LEAL,Itaporanga,"PRACA DEP BALDUINO DE CARVALHO, 32 - CENTRO",58780000,200Mbits
356,25057820,ECIT JOSE BRONZEADO SOBRINHO,Remígio,"AV JOAQUIM CAVALCANTE DE MORAIS, SN - CENTRO",58398000,200Mbits
357,25093835,ECI LUIS RAMALHO,João Pessoa,"AV COMERCIANTE ALFREDO FERREIRA DA ROCHA, SN - MANGABEIRA I",58055540,200Mbits
358,25018221,EEEF CONEGO JOAO CARTAXO ROLIM,Sousa,"RUA DORGIVAL DA NOBREGA ASSIS, SN - ALTO DO CRUZEIRO",58806250,200Mbits
359,25072439,ECI HORTENCIO SOUSA RIBEIRO PREMEN,Campina Grande,"OTACILIO NEPOMUCENO, SN - CATOLE",58410160,200Mbits
360,25086049,ECI SEVERINO FELIX DE BRITO,Itapororoca,"RUA SETE DE SETEMBRO, SN - BAIRRO DOS ESTUDANTES",58275000,200Mbits
361,25088068,ESCOLA CIDADA INTEGRAL INDIO ANTONIO SINESIO DA SILVA,Marcação,"ALDEIA BREJINHO, SN - ZONA RURAL",58294000,200Mbits
362,25130110,ECIT SERRA BRANCA INACIO ANTONINO,Serra Branca,"PB 200, - SITIO LAGOINHA",58580000,200Mbits
363,25090135,ECI EEFM CASSIANO RIBEIRO COUTINHO,Sapé,"RUA MANOEL MOREIRA DA SILVA, 135 - CENTRO",58340000,200Mbits
364,25041525,ECIT DEPUTADO GENIVAL MATIAS,Juazeirinho,"RUA PROFESSORA JOSEFA NETA FREIRE, 180 - CENTRO",58660000,200Mbits
365,25089552,EEEFM MARIA LINS,São Miguel de Taipu,"AV EMILIA AUGUSTA, 25 - CENTRO",58334000,200Mbits
366,25094122,CPM ESTUDANTE REBECA CRISTINA ALVES SIMOES,João Pessoa,"RUA MARIA ALVES DA SILVA, 00 - MANGABEIRA",58058400,200Mbits
367,25006223,ECI EEM MONSENHOR MORAIS,Bonito de Santa Fé,"RUA APRIGIO PEREIRA DA SILVA, 01 - ALTO DA BOA VISTA",58960000,200Mbits
368,25017080,ECI EEFM VALDEMIRO WANDERLEY DE OLIVEIRA,Santa Cruz,"CONJUNTO MAURICIO GOMES, SN - SAO FRANCISCO",58824000,200Mbits
369,25018639,EEEF DR THOMAZ PIRES,Sousa,"RUA RAIMUNDO PEREIRA DE OLIVEIRA, SN - JARDIM SORRILANDIA I",58805150,200Mbits
370,25051296,EEE FUNDAMENTAL E MEDIO MELQUIADES TEJO,Barra de São Miguel,"RUA TENENTE PEDROSA, 161 - CENTRO",58483000,200Mbits
371,25062638,EEEFM PADRE HILDON BANDEIRA,Alagoa Grande,"RUA PRESIDENTE JOAO PESSOA, 1485 - CENTRO",58388000,200Mbits
372,25094173,EEEFM E EJA PADRE MIGUELINHO,João Pessoa,"AVENIDA DA FRATERNIDADE, SN - CRISTO REDENTOR",58070310,200Mbits
373,25094351,EEEF ANTONIO PESSOA,João Pessoa,"RUA BEAUREPAIRE ROHAN, 149 - CENTRO",58010000,200Mbits
374,25002422,ECI EEFM FRANCISCO MAIA,Jericó,"RUA JOSE MESQUITA, 112 - CENTRO",58830000,200Mbits
375,25058371,EEEFM E EJA PADRE JOSE ANTONIO MARIA IBIAPINA,Soledade,"RUA JOSE CHAGAS DE BRITO, 02 - CENTRO",58155000,200Mbits
376,25078135,ECI EEFM MARIA ZECA SOUZA,Massaranduba,"RUA VEREADOR ADERBAL GOMES DA SILVA, SN - CENTRO",58120000,200Mbits
377,25078550,ECI PLINIO LEMOS,Puxinanã,"RUA COSTA E SILVA, - CENTRO",58115000,200Mbits
378,25094726,ECI EEFM PROFESSOR CELESTIN MALZAC,João Pessoa,"RUA PROFESSORA MARIA ZENAIDE BRASILINO, SN - VALENTINA",58063320,200Mbits
379,25113810,EEEFM ISAURA FERNANDES DE SOUZA,Itapororoca,"RUA PROJETADA, SN - EPITACIO MADRUGA",58275000,200Mbits
380,25114433,EEEFM SENADOR HUMBERTO LUCENA,Campina Grande,"RUA MARCELINO PEREIRA DA COSTA, SN - NOVO CRUZEIRO",58415483,200Mbits
381,25094556,EEEF ISABEL MARIA DAS NEVES,João Pessoa,"AV JOAO MACHADO, 484 - CENTRO",58013520,200Mbits
382,25000640,ECI JOSE OLIMPIO MAIA,Brejo do Cruz,"RUA HORACIO PIMENTA, 225 - CENTRO",58890000,200Mbits
383,25043277,ECI PROFESSOR LORDAO,Picuí,"RUA PROJETADA, SN - CENECISTA",58187000,200Mbits
384,25099175,ECIT MARIA HONORINA SANTIAGO,Santa Rita,"RUA PROFESSOR SEVERO RODRIGUES, SN - POPULAR",58301000,200Mbits
385,25020927,ECI AUZENIR LACERDA,Patos,"RUA LUIS JOSE, SN - JARDIM LACERDA",58704030,200Mbits
386,25001825,ESC AGROTECNICA DO CAJUEIRO CAMPUS IV - UEPB,Catolé do Rocha,"SITIO CAJUEIRO, S/N - ZONA RURAL",58884000,200Mbits
387,25093827,EEEF CLAUDINA MANGUEIRA DE MOURA,João Pessoa,"R CARTEIRO FRANCISCO INACIO DO REGO FILHO, 43 - ALTO DO MATEUS",58090570,200Mbits
388,25094459,EEEF DR OTAVIO NOVAIS,João Pessoa,"AVENIDA SANTOS STANISLAU, 1255 - NOVAIS",58088540,200Mbits
389,25012185,EEEF ANTONIO FRANCISCO DUARTE,Triunfo,"AV JOSE DUARTE DE SA, 89 - CENTRO",58920000,200Mbits
390,25035444,EEEF PROFESSORA ANTONIA DINIZ MAIA,Manaíra,"PRACA JOAQUIM SIMAO, 06 - CENTRO",58995000,200Mbits
391,25099230,EEEF JOAO URSULO,Santa Rita,"PRACA JOAO PESSOA, 02 - CENTRO",58300140,200Mbits
392,25015869,ECITEEFM MONSENHOR VICENTE FREITAS,Pombal,"RUA PROFESSOR LUIZ FERREIRA CAMPOS, 309 - JARDIM ROGERIO",58840000,200Mbits
393,25037226,ECI ADRIANO FEITOSA,Tavares,"RUA SEVERINO CARLOS DE ANDRADE, 489 - CENTRO",58753000,200Mbits
394,25072161,EEEF NOSSA SENHORA DO ROSARIO,Campina Grande,"RUA NILO PECANHA, 250 - PRATA",58400515,200Mbits
395,25103563,EEEFM PROFESSOR JOSE GOMES ALVES,Patos,"DONATO LOCIO, SN - JATOBA",58707380,200Mbits
396,25014951,EEEFM FRANCISCO AUGUSTO CAMPOS,Nazarezinho,"RUA HERCULANO VIEIRA, SN - FRANCISCO MENDES CAMPOS",58817000,200Mbits
397,25072226,EEEF DE APLICACAO,Campina Grande,"AVENIDA PREFEITO SEVERINO BEZERRA CABRAL, SN - CATOLE",58410185,200Mbits
398,25089838,ECI EEFM RIACHAO DO POCO,Riachão do Poço,"RUA JOAO FERREIRA ALVES, SN - CENTRO",58348000,200Mbits
399,25092839,CEEEA SESQUICENTENARIO,João Pessoa,"RUA MANOEL FRANCA, SN - CONJUNTO PEDRO GONDIM",58031160,200Mbits
400,25004883,ECIT CORONEL JACOB GUILHERME FRANTZ,São João do Rio do Peixe,"RUA PADRE JOAQUIM CIRILO DE SA, 95 - CENTRO",58910000,200Mbits
401,25045059,ECI JOAO LELYS,Livramento,"RUA PRESIDENTE JOAO PESSOA, 54 - CENTRO",58690000,200Mbits
402,25050427,ECI EEM JOAO ROGERIO DIAS TOLEDO,Assunção,"RUA CANDIDO PEREIRA BRITO, SN - CONJUNTO HABITACIONAL JOSE DE ASSIS PIMENTA",58685000,200Mbits
403,25061402,EEEFM FRANCISCO A SILVA,Areial,"FRANCISCO SEBASTIAO PEREIRA, 78 - CENTRO",58140000,200Mbits
404,25087673,ECI HENRIQUE FERNANDES DE FARIAS,Curral de Cima,"TRAVESSA OLEGARIO FERNANDES, 397 - CENTRO",58291000,200Mbits
405,25094190,ECIT JOAO GOULART,João Pessoa,"RUA CONEGO FRANCISCO, SN - CASTELO BRANCO III",58050690,200Mbits
406,25018132,EEEF BENTO FREIRE,Sousa,"RUA JOAQUIM PINTO NETO, 02 - ESTACAO",58807275,200Mbits
407,25054767,EEEFM E EJA ANESIO DEODONIO MORENO,Arara,"RUA HERMES LIRA, 154 - CENTRO",58396000,200Mbits
408,25072374,EEEF MARIA EMILIA OLIVEIRA DE ALMEIDA,Campina Grande,"RUA DR FRANCISCO BRASILEIRO, SN - PRESIDENTE MEDICI",58417455,200Mbits
409,25056620,ECI EEFM JOSE ROLDERICK DE OLIVEIRA,Nova Floresta,"RUA DAMIAO PEDRO DE LIMA- S N- NOVA FLORESTA PB, S/N - SILVESTRE GARCIA",58178000,200Mbits
410,25069373,EEEF GETULIO VARGAS,Lagoa de Dentro,"RUA DO COMERCIO, 55 - CENTRO",58250000,200Mbits
411,25069675,ECI EEFM MAJOR ANTONIO DE AQUINO,Mulungu,"ESTRADA DE ACESSO A ALAGOINHA, SN - CENTRO",58354000,200Mbits
412,25087304,ECI EEM JOSE WILSON DE ALBUQUERQUE MELO,Capim,"CONJUNTO BELA VISTA, SN - CENTRO",58287000,200Mbits
413,25090933,EEEF ALVARO DE CARVALHO,Bayeux,"RUA JOAQUIM FERNANDES, - CENTRO",58110097,200Mbits
414,25004875,ENE MIN JOSE AMERICO DE ALMEIDA,São João do Rio do Peixe,"RUA VIDAL DE NEGREIROS, 134 - CENTRO",58910000,200Mbits
415,25004875,ENE MIN JOSE AMERICO DE ALMEIDA,São João do Rio do Peixe,"RUA VIDAL DE NEGREIROS, 134 - CENTRO",58910000,200Mbits
416,25062069,ECI MARIA JOSE DE SOUZA,Montadas,"RUA JOSE VERISSIMO DE SOUZA, 197 - CENTRO",58145000,200Mbits
417,25087860,ECI LUIZ GONZAGA BURITY,Rio Tinto,"PRACA DA VITORIA, SN - CENTRO",58297000,200Mbits
418,25094050,ECIT LUIZ GONZAGA DE ALBUQUERQUE BURITY,João Pessoa,"AVENIDA MONSENHOR WALFREDO LEAL, 440 - TAMBIA",58020540,200Mbits
419,25126180,ECI LINDUARTE NORONHA,João Pessoa,"RUA ANTONIO FERNANDES, SN - GRAMAME",58069325,200Mbits
420,25084950,ECIT PRESIDENTE JOAO PESSOA,Umbuzeiro,"RUA EPITACIO PESSOA, 141 - CENTRO",58497000,200Mbits
421,25128418,ECI HELINTON SANTANA,Santa Rita,"RUA VEREADOR MAILTON WELLINGTON, SN - NOVA TRINDADE",58300970,200Mbits
422,25007840,EEEF MONSENHOR JOAO MILANES,Cajazeiras,"PRACA DOM ADAUTO, SN - CENTRO",58900000,200Mbits
423,25037803,ECIT SEBASTIAO GUEDES DA SILVA,Teixeira,"RUA CONEGO SERRAO, 21 - CENTRO",58735000,200Mbits
424,25090909,ECI IRINEU PINTO,Bayeux,"AVENIDA JOAO XXIII, 81 - SESI",58111320,200Mbits
425,25012959,EEEF ERNANI SATIRO,Uiraúna,"RUA BRASILIANO VIEIRA, 34 - ALTO BELA VISTA",58915000,200Mbits
426,25018124,EEEF BATISTA LEITE,Sousa,"RUA LUIS PEREIRA DA SILVA, 22 - CENTRO",58800040,200Mbits
427,25090941,EEEF ANITA GARIBALDI,Bayeux,"RUA PADRE FEIJO, 253 - TAMBAI",58110618,200Mbits
428,25114034,EEEF DOM HELDER CAMARA,Campina Grande,"RUA LICIONEIA MARIA DA CONCEICAO, 125 - SANTA ROSA",58417020,200Mbits
429,25018256,EEEF DE DEMONSTRACAO DE SOUSA,Sousa,"RUA JOSE DE PAIVA GADELHA, 141 - GATO PRETO",58802085,200Mbits
430,25082493,ECIT OTAVIA SILVEIRA,Mogeiro,"RUA ANTONIO DE ANDRADE SOBRINHO, SN - CENTRO",58375000,200Mbits
431,25072021,EEEFM SEN ARGEMIRO DE FIGUEIREDO,Campina Grande,"AV ELPIDIO DE ALMEIDA, 25 - CATOLE",58410215,200Mbits
432,25005995,ECI PROFESSORA FRANCISCA FONSECA MATIAS,Poço de José de Moura,"AVENIDA FREI DAMIAO, SN - POPULARES",58908000,200Mbits
433,25037781,EEEFM ANTONIO MOACIR DANTAS CAVALCANTI,Maturéia,"AVENIDA JOSE JERONIMO, 282 - CENTRO",58737000,200Mbits
434,25020854,ECI DOUTOR DIONISIO DA COSTA,Patos,"RUA FRANCISCO PONTES, SN - SALGADINHO",58706520,200Mbits
435,25084445,EEEFM JOAO DA SILVA MONTEIRO,Gado Bravo,"RUA JOSE PEREIRA DE AGUIAR, SN - CENTRO",58492000,200Mbits
436,25090887,ECIT PROFESSOR ANTONIO GOMES,Bayeux,"RUA PROFESSOR ANTONIO GOMES, 60 - MARIO ANDREAZZA",58112278,200Mbits
437,25094580,EEEF JOSE DE ALENCAR,João Pessoa,"RUA JOSE FERNANDES DINIZ, SN - OITIZEIRO",58087314,200Mbits
438,25003844,EEEFM JOAO SILVEIRA GUIMARAES,São Bento,"RUA SAO JUDAS TADEU, 53 - SAO JOSE",58865000,200Mbits
439,25068644,EEEF ANTENOR NAVARRO,Guarabira,"RUA PREFEITO MANOEL LORDAO, 161 - CENTRO",58200000,200Mbits
440,25087355,ECI EEM PROFESSOR RENATO FONSECA FILHO,Cuité de Mamanguape,"AVENIDA SEVERINO JORGE DE SENA, 980 - ",58289000,200Mbits
441,25089013,ECI JOSE PAULO DE FRANCA,Mari,"RUA LIDIO GALVAO, 76 - CENTRO",58345000,200Mbits
442,25096702,ECIT MARIA DO CARMO DE MIRANDA,João Pessoa,"RUA JOAO LUIZ RIBEIRO DE MORAIS, 279 - CENTRO",58013230,200Mbits
443,25126415,EEEFM TEREZA ALVES DE MOURA,Queimadas,"DISTRITO DE LIGEIRO, SN - ZONA RURAL",58475000,200Mbits
444,25049496,ECITE JOSE GONCALVES DE QUEIROZ,Sumé,"RUA PROFESSORA GUIOMAR COELHO, 201 - PEDREGAL",58540000,200Mbits
445,25093932,ECIT DAURA SANTIAGO RANGEL,João Pessoa,"RUA BENICIO DE OLIVEIRA LIMA, SN - JOSE AMERICO",58073030,200Mbits
446,25122533,ECI EEFM DOUTOR GUSTAVO FERNANDES DE LIMA SOBRINHO,Mamanguape,"RUA BENEDITO JOEL CORDEIRO, SN - AREAL",58280000,200Mbits
447,25091638,ECI IMACULADA CONCEICAO,Cabedelo,"RUA MARIZEIRO, SN - PORTAL DO POCO",58106106,200Mbits
448,25093843,ECI CONEGO FRANCISCO GOMES DE LIMA,João Pessoa,"RUA PETRONIO DE FIGUEIREDO, SN - GEISEL",58075410,200Mbits
449,25094106,ECI LUZIA SIMOES BARTOLLINI,João Pessoa,"RUA RADIALISTA GERALDO CAMPOS, SEM NUMERO - JARDIM PLANALTO",58088060,200Mbits
450,25015893,EEEFM ARRUDA CAMARA,Pombal,"MARGEM DA BR-230, SN - JARDIM ROGERIO",58840000,200Mbits
451,25036300,EEEFN GAMA E MELO,Princesa Isabel,"AVENIDA PRESIDENTE JOAO PESSOA, 460 - CENTRO",58755000,200Mbits
452,25091603,EEEFM PEDRO AMERICO,Cabedelo,"RUA PASTOR JOSE ALVES DE OLIVEIRA, 76 - CENTRO",58100222,200Mbits
453,25094777,EEEFM PROF DEBORA DUARTE,João Pessoa,"RUA ADRISIO MOTA DE SOUZA, 34 - FUNCIONARIOS II",58078030,200Mbits
454,25099256,ECI EEFM MARIA DE LOURDES ARAUJO,Santa Rita,"AV JOAO PESSOA, 188 - TIBIRI II",58302000,200Mbits
455,25007785,ECIT CRISTIANO CARTAXO,Cajazeiras,"AV JULIO MARQUES DO NASCIMENTO, 915 - JARDIM OASIS",58900000,200Mbits
456,25083490,ECI DEPUTADO CARLOS PESSOA FILHO,Aroeiras,"RUA TEREZA BARBOSA DE MOURA, 518 - CENTRO",58489000,200Mbits
457,25114506,EEEFM PROF JOSE BAPTISTA DE MELLO,João Pessoa,"RUA ADMINISTRADOR MANOEL ANGELO DE OLIVEIRA, SN - MANGABEIRA VII",58058200,200Mbits
458,25072242,EEEFM JOSE PINHEIRO,Campina Grande,"PRACA JOANA D ARC FERREIRA DE ARRUDA, 937 - JOSE PINHEIRO",58407382,200Mbits
459,25072129,EEEFM SAO SEBASTIAO,Campina Grande,"RUA ESTELITA CRUZ, 307 - ALTO BRANCO",58401470,200Mbits
460,25050486,EEEFM FELIX DALTRO,Taperoá,"PRACA JOAO PESSOA, 200 - CENTRO",58680000,200Mbits
461,25090879,EEEFM ENG JOSE DAVILA LINS,Bayeux,"RUA ENGENHEIRO DE CARVALHO, SN - CENTRO",58110020,200Mbits
462,25062670,EEEF DE DEMONSTRACAO ALAGOA GRANDE,Alagoa Grande,"RUA RUI BARBOSA, SN - CENTRO",58388000,200Mbits
463,25092871,CENTRO PROFIS DEP ANTONIO CABRAL,João Pessoa,"AVENIDA AVELINA DOS SANTOS, SN - VALENTINA DE FIGUEIREDO",58064550,200Mbits
464,25094793,EEEFM SANTOS DUMONT,João Pessoa,"RUA DAS INDUSTRIAS, SN - DAS INDUSTRIAS",58083050,200Mbits
465,25033204,ECI EEM JOSE NOMINANDO,Água Branca,"RUA JOSE PEDRO FIRMINO, 41 - CENTRO",58748000,200Mbits
466,25039032,ECI PADRE JERONIMO LAUWEN,Santa Luzia,"RUA DOM QUINTINO, SN - SAO JOSE",58600000,200Mbits
467,25057146,ECI EEM ANTONIO GALDINO FILHO,Pocinhos,"RUA - JOSE JOAQUIM DO NASCIMENTO, S N - IVO BENICIO",58150000,200Mbits
468,25094696,ECI PADRE IBIAPINA,João Pessoa,"RUA VISCONDE DE OURO PRETO, SN - MANDACARU",58027641,200Mbits
469,25081403,ECIT DE ITABAIANA DOUTOR ANTONIO BATISTA SANTIAGO,Itabaiana,"AVENIDA PREFEITO ANTONIO BATISTA SANTIAGO, 416 - CENTRO",58360000,200Mbits
470,25072315,EEEF SANTO ANTONIO,Campina Grande,"RUA FRANCISCO ANTONIO DO NASCIMENTO, 1078 - CASTELO BRANCO",58406180,200Mbits
471,25094653,EEEM PROF ORLANDO CAVALCANTI GOMES,João Pessoa,"AVENIDA NEREU RAMOS, SN - CRISTO REDENTOR",58070440,200Mbits
472,25076400,EEEFM PROF ANTONIO OLIVEIRA,Campina Grande,"RUA ALBERTO SANTOS, SN - SANTA ROSA",58416690,200Mbits
473,25086901,ECI RUI CARNEIRO,Mamanguape,"AVENIDA SENADOR RUI CARNEIRO, 55 - CAMPO",58280000,200Mbits
474,25094025,ECI EEFM TENENTE LUCENA,João Pessoa,"RUA MARIA ESTER BEZERRA MESQUITA, 300 - DOS IPES",58028700,200Mbits
475,25094211,ECIT JOSE DO PATROCINIO,João Pessoa,"RUA ANTONIO CORREIA DA COSTA, SN - FUNCIONARIOS",58078590,200Mbits
476,25099205,EEEF PREFEITO ANTONIO TEIXEIRA,Santa Rita,"AVENIDA FLAVIO RIBEIRO COUTINHO, 488 - CENTRO",58300220,200Mbits
477,25009923,EEEFM PROF JOSE BENTO,Santa Helena,"RUA JOSIAS FRANCISCO DINIZ, 208 - CENTRO",58925000,200Mbits
478,25036343,EEEFM MINISTRO ALCIDES VIEIRA CARNEIRO,Princesa Isabel,"PRACA DR JOSE NOMINANDO DINIZ, 52 - CENTRO",58755000,200Mbits
479,25130153,ECIT LYNALDO CAVALCANTI DE ALBUQUERQUE,Patos,"RUA MANOEL MOTA, - MUTIRAO",58707430,200Mbits
480,25036335,ECI NOSSA SENHORA DO BOM CONSELHO,Princesa Isabel,"RUA PSICOLOGA SIMONE PEREIRA, 36 - CONJUNTO ALOYSIO PEREIRA",58755000,200Mbits
481,25092111,EEEFM PROF JOAO DA CUNHA VINAGRE,Conde,"RODOVIA PB 18 KM 3-5, SN - CENTRO",58322000,200Mbits
482,25057839,EEEFM DR CUNHA LIMA,Remígio,"RUA IDELFONSO JARDELINO DA COSTA- 75, - CENTRO",58398000,200Mbits
483,25007092,ECI EEFM PROFESSOR ADALBERTO DE SOUSA OLIVEIRA,Cachoeira dos Índios,"RUA SERGIO MOREIRA, 45 - CENTRO",58935000,200Mbits
484,25117700,EEEFM SEVERINO BARBOSA CAMELO,Boqueirão,"RUA JOSE RICARTE IRMAO, SN - MALVINAS",58450000,200Mbits
485,25094041,EEEF PROFA ARGENTINA PEREIRA GOMES,João Pessoa,"AVENIDA CAMILO DE HOLANDA, SN - CENTRO",58013360,200Mbits
486,25001833,ECI OBDULIA DANTAS,Catolé do Rocha,"AVENIDA VENANCIO NEIVA, 804 - CENTRO",58884000,200Mbits
487,25061720,ECI ESPERANCA MONSENHOR JOSE DA SILVA COUTINHO,Esperança,"RUA FLORIANO PEIXOTO, SN - CENTRO",58135000,200Mbits
488,25095056,ECIT PREFEITO OSWALDO PESSOA,João Pessoa,"RUA PROFESSOR JOSE HOLMES, SN - ERNANI SATIRO",58080400,200Mbits
489,25089820,EEEFM GENTIL LINS,Sapé,"AV SIMPLICIO COELHO, 97 - CENTRO",58340000,200Mbits
490,25099248,EEEF MACHADO DE ASSIS,Santa Rita,"RUA INGA, SN - MUNICIPIOS",58302355,200Mbits
491,25129279,ECIT JORNALISTA JOSE ITAMAR DA ROCHA CANDIDO,Cuité,"BR 104 KM 06, SN - ZONA RURAL",58175000,200Mbits
492,25093959,ECIT OLIVINA OLIVIA CARNEIRO DA CUNHA,João Pessoa,"AV DUARTE DA SILVEIRA, 450 - CENTRO",58013280,200Mbits
493,25129287,ESCOLA CIDADA INTEGRAL TECNICA ESTADUAL DE SAO BENTO,São Bento,"AV PREFEITO PEDRO EULAMPIO DA SILVA, SN - SAO BENTINHO",58865000,200Mbits
494,25094130,ECI HORACIO DE ALMEIDA,João Pessoa,"RUA DURVAL COUTINHO, SN - ALTO DO MATEUS",58090260,200Mbits
495,25129325,EEEFM ARIANO VILAR SUASSUNA,Cajazeiras,"SITIO ZE DIAS, SN - ZONA RURAL",58900000,200Mbits
496,25130242,ECIT ESTADUAL CHIQUINHO CARTAXO,Sousa,"RUA LEOPOLDO JOSE DE MELO, SN - JARDINS",58802370,200Mbits
497,25091549,ECI JOSE GUEDES CAVALCANTE,Cabedelo,"R MUNICIPALISTA PEDRO DA SILVA COUTINHO, 120 - CAMALAU",58103077,200Mbits
498,25063340,ECIT MONSENHOR JOSE BORGES DE CARVALHO,Alagoa Nova,"RUA MARIA LIMA MARACAJA, 85 - CENTRO",58125000,200Mbits
499,25099116,ECIT PROFESSOR LUIS DE AZEVEDO SOARES,Santa Rita,"AVENIDA CAMPINA GRANDE, 3188 - MUNICIPIOS",58302195,200Mbits
500,25127594,ECIT BAYEUX ERENICE CAVALCANTE FIDELIS,Bayeux,"AVENIDA LIBERDADE, 3015 - SESI",58111400,200Mbits
501,25020935,ECI MONSENHOR MANOEL VIEIRA,Patos,"PRACA EDVALDO MOTTA, - CENTRO",58700590,200Mbits
502,25078992,ECIT FRANCISCO ERNESTO DO REGO,Queimadas,"AV SEVERINO BEZERRA CABRAL, SN - CENTRO",58475000,200Mbits
503,25129295,ECIT PROFESSORA NICEA CLAUDINO PINHEIRO,Cajazeiras,"RODOVIA GOVERNADOR ANTONIO MARIZ - BR 230 KM 506, SN - CAPOEIRAS SUL",58900000,200Mbits
504,25072420,ECIT ELPIDIO DE ALMEIDA,Campina Grande,"R DUQUE DE CAXIAS, 235 - PRATA",58400506,200Mbits
505,25099507,ENEEFM ANISIO PEREIRA BORGES,Santa Rita,"RUA JOSE DE ALENCAR, SN - TIBIRI FABRICA",58300590,200Mbits
506,25100459,EEEF ALBERTO LUNDGREN,Caaporã,"RUA PROJETADA, SN - CONJUNTO PEREIRAO",58326000,200Mbits
507,25064169,EEEF MONS JOAO COUTINHO,Areia,"RUA MANOEL DA SILVA, 374 - CENTRO",58397000,200Mbits
508,25087878,EEIEFM GUILHERME DA SILVEIRA,Rio Tinto,"AVENIDA RIO BRANCO, 5466 - VILA REGINA",58297000,200Mbits
509,25099159,ECIT ENEAS CARVALHO,Santa Rita,"AVENIDA FLAVIO RIBEIRO COUTINHO, 440 - CENTRO",58300220,200Mbits
510,25099299,EEEFM CARLOS CHAGAS,Santa Rita,"AV CAMPINA GRANDE, SN - MUNICIPIOS",58302195,200Mbits
511,25128337,ECIT JOAO PEREIRA GOMES FILHO,João Pessoa,"AVENIDA HILTON SOUTO MAIOR, SN - PORTAL DO SOL",58055018,200Mbits
512,25123319,EEEF MANOEL BARBOSA DE LUCENA,Alagoa Grande,"VILA DO CRUZEIRO, 98 - CENTRO",58388000,200Mbits
513,25117521,EEEFM PROF GETULIO CESAR RODRIGUES GUEDES,Pedras de Fogo,"RUA JOSE PEREIRA DA SILVA, SN - MANGUEIRA",58328000,200Mbits
514,25089781,ECI MONSENHOR ODILON ALVES PEDROSA,Sapé,"RUA PADRE ZEFERINO MARIA, 375 - CENTRO",58340000,300Mbits
515,25089773,EEEF STELLA DA CUNHA SANTOS,Sapé,"AV DR NAPOLEAO LAURERANO, 368 - CENTRO",58340000,300Mbits
516,25098357,ECI LYCEU PARAIBANO,João Pessoa,"AVENIDA GETULIO VARGAS, SN - CENTRO",58013240,300Mbits
517,25045377,ECIT JOSE LEITE DE SOUSA,Monteiro,"RUA WAGNER AUGUSTO BEZERRA JAPYASSU, 426 - CENTRO",58500000,300Mbits
518,25097725,INSTITUTO DE EDUCACAO DA PARAIBA IEP,João Pessoa,"AV CAMILO DE HOLANDA, SN - CENTRO",58013360,300Mbits
519,25130331,ECIT PROFESSOR BRAULIO MAIA JUNIOR,Campina Grande,"RUA TRANQUILINO COELHO LEMOS, SN - DINAMERICA",58432300,300Mbits
520,25100041,EEEFM BARAO DO ABIAI,Alhandra,"AV PRESIDENTE JOAO PESSOA, 365 - CENTRO",58320000,300Mbits
521,25126350,ESCOLA TECNICA ESTADUAL DE SAUDE PROFESSORA CLORIS TORRES DE OLIVEIRA,Sapé,"RUA GENIVAL DA SILVA TORRES, SN - CENTRO",58340000,300Mbits
522,25104071,NUCLEO DE EDUCACAO DE JOVENS E ADULTOS DO ENSINO MEDIO,João Pessoa,"CIDADE UNIVERSITARIA, - ",58051900,300Mbits
523,25094181,ECI PAPA PAULO VI,João Pessoa,"AV JOSE TAVARES, SN - CRUZ DAS ARMAS",58085730,300Mbits
524,25080016,EEEFM DOM ADAUTO,Serra Redonda,"AVENIDA MIGUEL VERISSIMO DA SILVA, SN - CONJUNTO ANTONIO MARIZ II",58385000,300Mbits
525,25088971,EEEF LUIZ MARIA DE FRANCA,Mari,"RUA MANOEL GOMES FILHO, SN - SILVINO COSTA",58345000,300Mbits
526,25094203,ECIT DOM JOSE MARIA PIRES,João Pessoa,"RUA DAS ROSAS, SN - B DAS INDUSTRIAS",58083332,300Mbits
527,25036297,EEEIF PROFESSORA IRACEMA MARQUES DE LIMA,Princesa Isabel,"RUA SOLON DE LUCENA, 0 - CENTRO",58755000,300Mbits
